Fund Name,P1,P2,P3,P4,P5,Topsis Score,Rank
M2,0.91,0.83,7.0,31.7,10.11,0.9552289947792887,1
M1,0.84,0.71,6.7,42.1,12.59,0.7700602072203292,2
M4,0.78,0.61,6.4,42.4,12.55,0.6892294858224675,3
M6,0.88,0.77,6.5,51.5,14.91,0.6714778555276897,4
M8,0.93,0.86,3.4,37.0,10.55,0.4325935668894245,5
M7,0.66,0.44,5.3,48.9,13.83,0.4284150342085096,6
M3,0.79,0.62,4.8,46.7,13.23,0.4281386759466189,7
M5,0.94,0.88,3.6,62.2,16.91,0.3199674858618926,8
